"category","subcategory","ID","Description","GeneRatio","BgRatio","RichFactor","FoldEnrichment","zScore","pvalue","p.adjust","qvalue","geneID","Count"
"Cellular Processes","Transport and catabolism","hsa04145","Phagosome","103/4011","155/9370",0.664516129032258,1.55236004214217,5.99889838247791,0.00000000188672294339224,0.000000664126476074069,0.000000409120975093475,"718/3688/11151/5878/10382/3684/715/4360/7278/60/3119/4688/7846/22925/529/245972/79659/7277/1781/3693/3120/2214/7059/949/4842/2204/5879/537/338382/84617/10333/3115/81035/3112/3117/3118/3113/3689/2213/3678/6891/203068/4481/200576/3105/3920/3108/3127/3685/9114/527/6890/2209/23480/9146/10381/2212/7097/9296/1514/4973/84790/1780/64581/81027/1520/1311/245973/30835/3135/3690/535/3123/821/1536/3126/9341/7099/10952/6441/3673/3109/3111/3133/3122/653361/7058/929/811/9103/948/3107/3106/55176/7879/9902/4689/347688/1535/8417/3134/528/51382",103
"Environmental Information Processing","Signaling molecules and interaction","hsa04517","IgSF CAM signaling","177/4011","299/9370",0.591973244147157,1.38289436491121,5.82127421477005,0.00000000516241419935892,0.000000708942563200933,0.000000436728971349857,"5376/28964/81/10109/3932/3688/87/5336/10382/22829/57180/3786/3684/10092/7278/2037/9046/60/2244/7846/50855/4356/5817/4638/9353/4067/2266/1445/7277/2036/10000/914/5777/106821730/5601/3556/22865/5921/7430/23380/10095/288/5962/3683/4629/57555/5819/6709/10398/5879/57689/84617/4690/5908/1499/2260/8500/3937/5362/6714/84063/3689/22999/5063/8832/3678/2243/10097/203068/7409/8828/8777/8499/92154/94030/91768/7204/10225/10627/90952/2534/4868/219699/1796/5361/25/3635/10458/54413/8655/84189/387/8633/51678/4478/10381/6091/940/56924/23085/10094/5829/84790/120425/4068/10093/57524/81027/4897/8573/5295/81873/30835/10298/3690/50848/941/57823/56288/2885/4627/114836/7414/382/342035/4637/5293/10552/9223/91584/7410/83700/5578/8829/23607/962/80852/3737/103910/150084/3687/1000/4133/5062/55243/3676/4628/81607/4685/6300/6711/23114/653857/4301/78999/4008/57502/5058/5584/5802/3785/5906/11141/6504/253559/4684/9901/4359/9564/347688/8976/5600/55558/10666/8826/57863/351",177
"Cellular Processes","Cell motility","hsa04820","Cytoskeleton in muscle cells","143/4011","233/9370",0.613733905579399,1.43372891929169,5.79996803562457,0.00000000604212411818977,0.000000708942563200933,0.000000436728971349857,"3688/84665/2274/27295/7111/2275/79188/29765/832/4607/4604/60/2023/1829/7171/2199/9260/1462/23353/477/3694/85301/7431/4633/81624/22795/3693/7134/6382/7059/271/288/8082/1284/22801/4629/6709/3655/10398/7169/64423/825/5339/3680/7791/4636/4001/9172/1292/1290/633/375790/91977/4000/3678/4624/91010/72/1299/6445/2192/1824/1287/1298/4619/3728/3685/127294/3675/50509/29895/481/1634/1282/29766/84823/483/7273/1465/255631/9672/3695/93661/6641/8736/284217/64236/1756/7094/2026/1311/1278/4625/272/829/3690/6640/2335/1837/752/4627/7414/2318/1281/10611/3673/114793/1291/171024/6444/11155/23224/1293/4703/3676/7058/4628/8572/1729/10529/6711/1301/8515/57159/4811/6645/478/25802/7139/1277/3339/23345/7168/2200/3672/6443/118461/343263/3691/7140/476/7138/1289",143
"Cellular Processes","Cell motility","hsa04810","Regulation of actin cytoskeleton","140/4011","232/9370",0.603448275862069,1.40970090870795,5.46658889445489,0.000000040272623795521,0.00000354399089400585,0.00000218320013207298,"28964/81/7852/10109/3688/87/57180/3684/10092/3071/6093/60/4638/1129/54961/3694/1950/85477/10000/79837/4633/81624/106821730/3693/8936/7430/3630/4660/10095/6387/5962/57121/4659/22801/3683/4629/3655/10398/2246/2149/730/5879/3984/81553/5880/3680/50649/2934/4636/5156/2260/3845/6714/8874/5499/3689/23396/2846/5063/3678/10097/2255/7409/221178/6237/85464/200576/1131/55845/9965/8822/54434/51571/10627/3685/3675/56034/29895/10458/4893/387/324/727/4478/3695/2264/729/80310/7114/10672/56924/10094/5829/9138/10093/9459/8396/5295/81873/10298/3690/2335/4627/7414/5293/6548/10552/10163/7410/22808/1399/2768/3673/103910/3687/10788/5062/3676/4628/1729/8395/9475/733/8515/653857/5058/128239/2254/1956/3672/1132/9564/5154/3691/7074/5305/55970/26281/8976/8826",140
"Organismal Systems","Digestive system","hsa04974","Protein digestion and absorption","70/4011","103/9370",0.679611650485437,1.58762432437012,5.18775989754034,0.00000019659399897352,0.0000138402175277358,0.00000852597132390424,"1306/5547/1305/136227/5646/1294/477/5222/643834/643847/85301/1307/486/1357/10136/23436/1284/80781/1300/1303/7373/6505/10008/6550/1292/1358/3769/1290/1310/5644/1299/440387/1504/1287/1298/63036/1308/51032/50509/481/1282/1360/3783/483/1295/255631/9056/6546/4224/6519/1278/1296/1506/1281/1291/169044/1293/340267/206358/1301/478/1803/1277/117247/23428/6543/476/57642/1289/285641",70
"Organismal Systems","Development and regeneration","hsa04360","Axon guidance","112/4011","184/9370",0.608695652173913,1.42195917747932,5.00088882691393,0.000000490044005223536,0.0000287492483064474,0.0000177103622940436,"7852/25791/3688/7223/8482/5336/2043/54910/54437/6093/50855/9353/817/2051/2242/1969/54961/2041/106821730/10505/2047/1946/2042/5921/23380/6387/59277/10501/10398/5879/3984/5880/64218/57689/4690/22885/10512/4636/3845/5362/6714/1945/5063/7976/4233/6237/85464/56896/10154/54434/10627/818/2534/5590/219699/27289/5361/25/4893/655/387/8633/6608/6091/1020/4773/2049/10509/80031/125467750/1944/5535/56924/10371/57556/10507/7220/5295/10298/56288/1948/1947/5998/1808/5530/5293/91584/5578/8829/5532/223117/103910/2050/5062/22854/5727/4776/9475/815/10500/5058/23654/7474/9901/2048/54361/151449/2046/5365/55558/2773/2771",112
"Organismal Systems","Immune system","hsa04659","Th17 cell differentiation","72/4011","109/9370",0.660550458715596,1.54309593571806,4.93391804732967,0.000000731465965063649,0.00002998287664317,0.0000184703127646322,"3932/5970/2353/10148/3559/3566/3119/7297/3561/3458/50943/8517/5601/112744/3556/3120/6776/5914/3662/196/7040/6258/3115/6095/3460/4790/4794/3112/3117/3118/3113/3718/3605/919/3594/916/3108/149233/27040/3127/6778/3569/3459/4773/917/3551/5535/7535/3554/3560/50615/6772/861/3123/3126/5530/3091/5532/3109/3111/3122/3572/6300/3570/3725/7046/2625/915/6097/5600/3320/3717",72
"Human Diseases","Immune disease","hsa05321","Inflammatory bowel disease","48/4011","66/9370",0.727272727272727,1.69896421205322,4.92972994265831,0.000000756938289705123,0.00002998287664317,0.0000184703127646322,"5970/3606/3566/3119/3561/3458/50943/112744/3120/7040/3115/6095/3460/4790/3112/3117/3118/3113/3605/4094/3594/64127/3108/149233/3127/6778/3569/3595/3552/3459/7100/7043/7097/8809/3567/50615/6772/3123/3126/7042/7099/3109/3111/3122/8807/3725/2625/6097",48
"Human Diseases","Immune disease","hsa05322","Systemic lupus erythematosus","90/4011","143/9370",0.629370629370629,1.4702574911999,4.90235269526245,0.000000832048123149778,0.00002998287664317,0.0000184703127646322,"718/81/87/8350/715/714/55506/8352/3119/713/1511/85236/8349/2904/3458/8334/3120/2214/55766/730/3020/716/3115/3112/8968/8363/8362/3117/3118/3113/723790/8337/255626/8361/8332/121504/8367/8355/720/100293534/721/3108/3013/8370/554313/3127/6737/958/3012/2209/9555/8353/727/85235/2212/940/729/8358/8356/3017/8351/8330/712/8369/941/3123/3126/3014/8969/8336/717/2903/3109/3111/3122/286436/8341/8343/440689/440686/733/8357/8344/8331/8359/8368/8329/6634/3021/8360",90
"Human Diseases","Infectious disease: viral","hsa05169","Epstein-Barr virus infection","122/4011","205/9370",0.595121951219512,1.39024998327769,4.88747626047885,0.000000851786268271875,0.00002998287664317,0.0000184703127646322,"5970/5336/930/8819/5706/3119/695/7297/578/4067/6502/8517/10000/7431/10213/5601/3120/4791/4939/5925/3683/5608/5717/581/898/5707/3455/956/5879/4609/1647/3115/6892/4790/4794/3112/3117/3118/3113/3718/919/11317/896/4615/317/6891/7187/567/1871/3105/1870/916/3108/7979/29110/3127/55080/6885/864/1643/8717/958/890/6890/355/4938/10379/3280/11047/3569/3654/1869/9636/8772/9641/836/7097/6850/917/10912/10018/3551/841/1021/637/4616/6772/894/5295/5606/3627/3135/4940/3123/3126/3665/5293/1026/4734/3109/3111/3133/3122/965/6773/953/5610/6300/1380/811/7157/3725/3661/3107/3106/29760/5708/915/3134/5600/23586/7186",122
"Human Diseases","Cardiovascular disease","hsa05412","Arrhythmogenic right ventricular cardiomyopathy","59/4011","86/9370",0.686046511627907,1.60265664770718,4.85716305690515,0.000001094011225627,0.0000318534795212072,0.0000196226578390212,"3688/6934/60/6262/1829/83439/778/3694/3693/8082/784/4842/22801/489/3655/3680/1499/4000/93589/3678/776/775/27091/59283/6445/1824/3728/3685/3675/3695/781/1496/6641/284217/6546/488/1756/51176/3690/6640/1837/55799/2697/27092/782/3673/6444/1000/785/3676/8515/6645/783/29119/6543/3672/6443/3691/1495",59
"Human Diseases","Cardiovascular disease","hsa05416","Viral myocarditis","50/4011","70/9370",0.714285714285714,1.66862556540941,4.85759827694682,0.0000010965932280123,0.0000318534795212072,0.0000196226578390212,"8672/60/3119/5551/3120/8082/4842/3683/5879/5880/3115/3112/3117/3118/3113/3689/4624/3105/3108/6445/3127/2534/958/25/940/836/6641/284217/841/1756/637/1604/4625/3135/941/6640/3123/1837/3126/3109/3111/6444/3133/3122/6645/3107/3106/6443/3134/27",50
"Human Diseases","Infectious disease: bacterial","hsa05130","Pathogenic Escherichia coli infection","119/4011","200/9370",0.595,1.38996509598604,4.82266548513729,0.00000117640691413549,0.0000318534795212072,0.0000196226578390212,"10109/3688/5970/3606/2353/10382/8743/57180/840/10092/3071/7278/6093/137075/60/147179/7846/55930/4542/578/7277/27128/9871/8517/4640/5777/4641/5601/8936/7430/10095/834/57121/4629/581/2149/5879/84617/4690/29108/4790/257397/6714/7456/2846/5063/26285/4430/4615/10097/203068/4642/10802/9069/55845/9826/6885/24146/2534/9181/8717/25/10458/355/387/3569/3654/10381/9267/2212/7100/8772/836/3551/841/10672/10094/84790/3554/9138/10093/8795/81027/4644/81873/4627/382/7099/10552/10163/10972/2768/3576/5062/4628/51208/9075/6300/5010/9475/55971/653857/9265/1364/1365/5058/53842/4643/2017/3725/4671/9071/5861/347688/8976/5600/7186/4646/10006",119
"Organismal Systems","Immune system","hsa04670","Leukocyte transendothelial migration","75/4011","116/9370",0.646551724137931,1.51039383075852,4.78520706545741,0.00000152178916422518,0.0000382621275576618,0.0000235705690098036,"81/7852/3688/87/5336/7408/3684/6494/6093/137075/60/4688/4633/7430/6387/3683/10398/5879/5880/1500/4636/5908/1499/3689/3702/26285/7409/4318/9069/10627/90952/24146/399/29895/387/4478/1496/83593/5829/5295/50848/1536/7414/5293/7410/83700/5578/103910/653361/3676/5175/4313/51208/394/9075/6300/5010/9475/4301/7070/1364/1365/53842/29119/5906/2185/4689/9564/9071/1535/1495/5600/2773/2771/1003",75
"Cellular Processes","Cellular community - eukaryotes","hsa04510","Focal adhesion","120/4011","203/9370",0.591133004926108,1.38093150240779,4.74692494273338,0.00000169554629508027,0.0000397888197245502,0.0000245110552130901,"81/3688/87/2013/7408/6093/60/2277/4638/3694/1950/7148/10000/3918/4633/106821730/3693/7424/5601/2002/6464/7059/3915/4660/4659/1284/22801/3655/10398/2317/5879/5880/824/64098/3680/7791/4636/5908/1101/1499/5156/6714/1292/5499/23396/5923/5063/2324/4233/896/3678/7409/1299/3480/1287/10627/1298/2534/3685/3675/56034/29895/53358/1282/387/6696/3695/7448/3909/3912/5728/330/284217/80310/56924/5829/7094/1311/1278/894/5295/10298/3690/2335/2885/7414/5293/7410/5578/1399/3673/25759/399694/1291/103910/1293/5062/3676/7058/394/1729/8395/9475/8515/5228/3082/5058/1277/3910/3725/3913/3914/5906/1956/3672/2316/9564/5154/3691/29780",120
"Human Diseases","Infectious disease: parasitic","hsa05140","Leishmaniasis","54/4011","78/9370",0.692307692307692,1.61728324031989,4.73596253840901,0.00000200414665499126,0.0000440912264098076,0.0000271614612452762,"718/3688/5970/2353/3684/3119/4688/3458/5777/2002/3120/2214/7040/1378/1379/3115/3460/4790/3112/3117/3118/3113/65108/3689/4615/3108/3127/6885/2209/3552/3654/3459/2212/7043/7097/5743/6772/3123/1536/3126/7042/7099/3109/3111/3122/653361/3676/6300/9103/3725/4689/1535/5600/3717",54
"Organismal Systems","Development and regeneration","hsa04380","Osteoclast differentiation","88/4011","142/9370",0.619718309859155,1.44770894125661,4.6506881498651,0.00000283128737261425,0.0000586243032447187,0.0000361142537930982,"3932/5970/2353/5336/2274/1436/799/695/4688/7297/3458/8517/10000/5601/10326/3710/2214/4791/5608/489/10288/140885/3455/5879/7040/814/5468/55423/3460/4790/3937/27035/2213/1513/11025/79168/169200/8792/8651/4286/2354/6885/2534/126014/2209/10379/4982/3552/11026/3459/2212/23547/4773/3708/6850/54209/3551/488/5535/3554/6772/5295/3690/353514/7006/7042/2885/5530/11006/5293/5532/653361/6773/10859/3709/6300/9103/3725/3727/7046/1435/29760/4689/1535/7305/5600/7186/6688",88
"Organismal Systems","Immune system","hsa04062","Chemokine signaling pathway","114/4011","193/9370",0.590673575129534,1.37985823958208,4.6129729908973,0.00000323032944110191,0.0000612038649284325,0.0000377033378446683,"7852/5970/5336/2790/5473/10563/6093/111/5580/4067/6352/2788/6372/409/8517/10000/6364/2829/4283/6464/6387/10681/6360/1237/729230/2868/5879/10344/6369/5880/2782/1232/6361/5908/2793/4790/3845/6714/2920/3718/1236/3702/5567/58191/7409/1524/1234/6346/56477/5590/6362/23236/53358/4893/23533/6356/109/387/2919/1233/6354/7454/3551/1230/2921/5829/2931/643/1794/6772/6374/5295/3627/6367/56288/3055/146850/408/5566/2885/113/5293/5196/7410/1399/2309/59345/25759/54331/399694/3576/10235/653361/6773/2826/131890/9475/5330/5058/5294/196883/5906/2776/2185/9564/7074/156/2833/55970/2773/2784/2771/9547/3717",114
"Human Diseases","Endocrine and metabolic disease","hsa04940","Type I diabetes mellitus","34/4011","44/9370",0.772727272727273,1.80514947530654,4.63112196686171,0.00000330361770920516,0.0000612038649284325,0.0000377033378446683,"3002/3119/5551/3458/4049/3120/3630/3382/3115/3112/3117/3118/3113/2571/3105/3108/3127/355/3552/5798/940/3135/941/3123/3126/3329/3109/3111/3133/5799/3122/3107/3106/3134",34
"Environmental Information Processing","Signal transduction","hsa04010","MAPK signaling pathway","167/4011","300/9370",0.556666666666667,1.30041552397573,4.57520361680013,0.00000359942885859257,0.0000633499479112292,0.0000390253865721089,"5598/5970/7786/2353/8913/3815/1843/1436/5321/51295/468/627/4217/2277/1848/2872/778/1969/1847/4149/1950/409/8517/10000/7424/1946/2668/5601/3556/2002/5921/3630/8569/9261/5778/4791/784/5608/5495/994/2246/5879/4609/7040/5880/51347/1647/374/5908/5156/4790/2260/3845/7867/51776/1945/5923/93589/2324/8986/4233/4615/776/5567/775/7039/2255/6237/5623/2069/27091/3480/59283/9965/8822/5801/6885/23542/8717/56034/285/4893/355/51378/3552/3654/2323/781/7043/9448/836/2264/125467750/1944/10912/80310/3551/4254/5535/3554/4137/4616/84451/4294/8491/5606/2122/4915/1844/408/5566/7042/55799/2885/5530/1852/1849/27092/22808/782/5578/4763/1399/6789/2768/5532/774/2066/9064/6197/10235/5062/785/777/255189/6300/8649/6788/5228/3082/929/783/5922/5058/4296/7157/3925/3164/3725/3727/51701/7046/3643/5906/2254/1956/1435/1850/25780/2316/5154/4293/55970/26281/5600/10746/7186",167
"Human Diseases","Cardiovascular disease","hsa05414","Dilated cardiomyopathy","68/4011","105/9370",0.647619047619048,1.51288717930453,4.57219614080629,0.00000426664652467223,0.0000715171226992678,0.0000440566007058887,"3688/183/4607/60/111/6262/7171/778/3694/4633/3693/7134/8082/784/4842/22801/489/3655/7169/7040/3680/4000/93589/3678/776/5567/4624/775/27091/59283/6445/3685/3675/109/7273/3695/781/7043/6641/284217/6546/488/1756/4625/3690/6640/1837/5566/7042/55799/113/27092/782/3673/6444/785/3676/8515/6645/783/7139/153/6543/7168/196883/3672/6443/3691",68
"Human Diseases","Infectious disease: viral","hsa05168","Herpes simplex virus 1 infection","106/4011","180/9370",0.588888888888889,1.37568907725976,4.40289306232365,0.00000856090748330027,0.000135712882895422,0.0000836030319272036,"718/5970/8893/3054/8764/3119/7297/578/728343/56001/3458/6352/10189/4049/8517/10000/3120/56829/4939/5819/581/598/3455/1978/5199/3115/6892/3460/4790/3112/6714/3117/3118/3113/29992/5499/5371/4615/3678/317/6891/7187/567/148022/6041/684/3105/3108/29110/3127/55080/64170/6885/8717/6890/340061/355/4938/10379/972/3569/727/3654/6427/3459/8772/9641/836/7097/6850/330/3551/841/637/8740/6772/5295/3135/3690/4940/3123/3126/3665/6672/5293/115004/10929/3109/3111/3133/3122/6773/6431/5610/7249/811/7157/3661/3107/3106/3134/6009/23586/7186/5452/3717",106
"Human Diseases","Cardiovascular disease","hsa05410","Hypertrophic cardiomyopathy","64/4011","99/9370",0.646464646464647,1.51019041071397,4.41486746244898,0.00000886760314373494,0.000135712882895422,0.0000836030319272036,"3688/183/4607/60/6262/7171/778/3694/4633/3693/7134/8082/784/4842/22801/489/3655/7169/7040/3680/4000/93589/3678/776/4624/775/27091/59283/6445/3685/3675/7273/3569/3695/781/7043/6641/284217/6546/488/1756/4625/3690/6640/1837/7042/55799/27092/782/3673/6444/5563/785/3676/53632/8515/6645/783/7139/6543/7168/3672/6443/3691",64
"Organismal Systems","Immune system","hsa04610","Complement and coagulation cascades","58/4011","88/9370",0.659090909090909,1.53968631717323,4.40040888985885,0.00000961280192517972,0.000140987761569303,0.0000868525086222378,"718/10878/3075/3078/2/3684/715/714/2244/713/710/2266/728/629/5329/2149/730/1191/11326/5265/5328/719/716/1378/1379/725/3689/7035/4179/2243/5624/2160/720/100293534/721/5270/727/3426/5627/7448/10544/5327/729/1604/712/5055/10877/2157/2162/717/2153/2151/3687/2152/9002/733/1380/10747",58
"Cellular Processes","Transport and catabolism","hsa04148","Efferocytosis","94/4011","157/9370",0.598726114649682,1.39866958221579,4.35806259350725,0.0000106835044965398,0.000146391445188518,0.0000901813328613481,"240/5878/4035/840/714/384/29933/713/6868/817/2056/2621/5734/1847/5732/8578/5777/3693/10326/6446/9261/834/489/89790/558/140885/84466/5467/5879/7040/5029/5468/338382/51761/55423/23166/50636/286046/1524/1051/1788/818/102/3685/7301/6513/64284/5087/5031/961/5627/4773/836/177/3988/203859/51552/4240/682/488/23250/712/19/5743/3690/1844/286410/1849/3091/1399/114786/8877/23659/389668/5175/6300/4776/815/6566/196527/126129/811/948/10396/56848/8754/383/1850/7879/9564/24145/10461/5600/3717",94
"Environmental Information Processing","Signaling molecules and interaction","hsa04519","Cadherin signaling","215/4011","404/9370",0.532178217821782,1.24320865145602,4.32316097400399,0.0000108130044741519,0.000146391445188518,0.0000901813328613481,"11322/81/80326/10109/7533/5664/5970/10413/87/5663/55233/29930/1501/1015/10083/7408/7529/57180/51107/10092/6934/3071/6093/9620/56122/60/51466/3856/79905/2535/1829/4542/83439/54798/8313/4041/79838/51474/1009/147183/2564/8517/7431/4640/4641/56125/5601/8936/1002/79633/56127/10095/64881/83464/8324/6331/56133/1004/5879/64072/3852/5880/5098/56134/51347/5317/4771/1500/10184/7476/1499/5156/4790/2260/55914/57717/3845/56104/5499/7976/56098/56113/26025/56112/56100/56114/56101/56106/56097/56107/8641/56108/56109/9708/56105/56110/56111/56102/56099/56103/2324/4233/4430/9113/286887/10097/3868/4642/7409/6237/8777/8325/2033/144165/3480/55845/4647/51294/192666/1824/102/3728/7479/84962/1856/8689/4893/9119/3880/54474/200959/387/2195/26167/324/56126/3854/25984/56131/1496/7484/3872/8642/29964/7532/3551/10094/120114/56135/81839/10093/51176/56132/1857/5606/81873/8321/56124/7414/2697/26524/10552/7410/22808/7477/27253/375612/222662/1012/375323/1000/54510/8994/6300/9475/65217/6788/653857/1825/3890/3889/4301/56139/57216/3850/3853/4643/29119/353288/2562/11187/56144/56145/7474/3861/1830/5097/5099/5101/3855/2185/56138/1956/56142/56129/4007/342184/126374/7483/56146/54361/1495/5600/25937/1003",215
"Organismal Systems","Digestive system","hsa04972","Pancreatic secretion","65/4011","102/9370",0.637254901960784,1.48867574953192,4.29298067036913,0.0000152086799783837,0.000195671586982573,0.000120539314947398,"6343/493/5646/111/6262/477/486/952/1357/3710/10136/23436/489/5879/1080/277/278/276/5408/5908/6344/26279/81579/1358/5407/5644/1131/9545/440387/1504/22802/63036/5406/51032/23236/481/1360/109/483/387/683/8766/8399/3708/488/5319/7220/113/6548/1506/5578/3778/6558/8671/1056/3709/5330/219931/478/4218/196883/5906/2776/476/491",65
"Environmental Information Processing","Signaling molecules and interaction","hsa04514","Cell adhesion molecule (CAM) interaction","95/4011","160/9370",0.59375,1.38704500124657,4.27191606467882,0.0000155647853281592,0.000195671586982573,0.000120539314947398,"3688/22829/5788/3684/137075/5133/3119/5817/1462/914/23308/6382/6614/1002/22865/3120/3683/57555/5819/933/3655/64115/57689/3680/3115/3112/3117/3118/3113/923/3689/26285/152404/3105/9069/94030/3108/3127/90952/24146/3685/79679/958/54413/6404/84189/9672/3695/940/80380/120425/4897/9379/3135/50848/941/3123/3126/83700/925/3109/3111/3133/3122/965/1000/80381/22854/3676/5175/4685/51208/9075/5010/23114/9378/1364/1365/57502/53842/5802/3107/3106/257194/4684/9369/4359/9071/3134/29126/1493/6402/10666/57863/1003",95
"Cellular Processes","Cellular community - eukaryotes","hsa04520","Adherens junction","60/4011","93/9370",0.645161290322581,1.50714567198269,4.25208063224203,0.0000184370473570349,0.000223787609299183,0.000137859591852965,"81/87/55698/6934/6093/6615/60/83439/1459/5777/4633/8936/5819/10398/5879/5880/1500/4636/5908/1499/2260/6714/5770/57154/4233/2033/3480/10627/6885/2534/1460/29895/10458/387/1496/7454/51176/56288/7414/7525/10163/5795/52/103910/83605/81607/9475/4301/4008/29119/51701/7046/3643/5906/1956/64750/1495/8976/8826/1003",60
"Human Diseases","Infectious disease: bacterial","hsa05152","Tuberculosis","105/4011","181/9370",0.580110497237569,1.35518208903416,4.17433491928784,0.0000232552961377425,0.000272862141349512,0.000168090912434209,"718/5970/3606/11151/5878/7096/3684/4360/91860/3119/22925/817/245972/3458/10000/2207/7421/5601/3120/2214/8844/581/7040/537/10333/1378/1379/3115/3460/4790/3112/6714/3117/3118/3113/805/3689/2213/4615/317/2033/1051/3920/64127/3108/3127/818/64170/4801/9114/8717/527/163688/2209/387/972/3569/3552/3654/3459/2212/8772/7043/836/7097/6850/841/5535/637/5993/64581/1520/6772/843/30835/801/3588/535/3123/3126/7042/5530/7099/5532/4261/3329/3109/3111/3122/3687/8877/4800/1509/6300/815/929/9103/56848/3656/7879/9902/4046/8915/5600/3717",105
"Environmental Information Processing","Signaling molecules and interaction","hsa04518","Integrin signaling","91/4011","154/9370",0.590909090909091,1.38040842229324,4.11784810754735,0.0000303083646114817,0.00034414659171747,0.000212004180304422,"718/81/3688/87/3684/55612/60/2244/2277/2266/3694/1950/7148/10000/3918/3693/7424/7059/3915/1284/22801/3683/3655/3987/2317/5879/7040/5880/64098/3680/1101/1499/5156/6714/1292/3689/2324/4233/896/3678/1834/2243/1299/3480/158326/1287/1298/3685/3675/56034/83706/1282/6696/3695/7448/3909/3912/284217/80310/5829/7094/9459/1311/1278/894/5295/3690/2335/7414/5293/3673/1291/1293/3687/3676/7058/8515/55679/5228/3082/1277/3910/3913/3914/2200/1956/3672/2316/5154/3691/29780",91
"Human Diseases","Immune disease","hsa05332","Graft-versus-host disease","33/4011","45/9370",0.733333333333333,1.71312224715366,4.14836435451947,0.0000314043395632948,0.000345447735196242,0.000212805722040747,"3002/3119/5551/3821/3458/3120/3824/3115/3112/3117/3118/3113/115653/3105/3108/3127/355/3569/3552/940/3811/3813/3135/941/3123/3126/3109/3111/3133/3122/3107/3106/3134",33
"Organismal Systems","Immune system","hsa04640","Hematopoietic cell lineage","63/4011","100/9370",0.63,1.4717277486911,4.10282155593739,0.0000345705139378012,0.000368752148669879,0.000227161909766732,"3815/1436/930/3684/3559/3566/3119/2056/914/952/3120/933/3655/1378/1379/3115/3112/3117/3118/3113/913/3581/3678/3575/916/3108/3127/1440/1438/3675/2209/3569/3552/928/2323/290/3574/917/4254/1604/3554/3567/3690/3123/3126/7850/951/925/3673/3563/3109/3111/3122/3676/1380/929/3570/921/948/3672/1435/2993/915",63
"Environmental Information Processing","Signal transduction","hsa04151","PI3K-Akt signaling pathway","192/4011","362/9370",0.530386740331492,1.2390236242598,4.01247182320022,0.0000414217720849625,0.000428837169820789,0.000264176007724529,"7533/3688/54541/5970/3815/1436/2790/930/7529/468/200186/5515/6194/3559/627/5106/3566/10110/55844/2277/1129/2056/3561/1969/2788/3694/1950/9180/7148/8517/10000/3918/9470/3693/7424/5618/1946/2668/6446/3630/7059/3915/57121/1284/10681/22801/1442/672/2997/898/3655/598/3455/2246/2149/5879/4609/1978/2782/3680/374/7184/1101/2793/10161/5156/4790/2260/5529/3845/4602/1292/1945/3718/2846/2324/5526/4233/896/3678/7039/2255/1443/57521/1299/3575/5623/2069/3480/9965/8822/23566/1287/1298/9623/1440/3685/3675/56034/285/4893/1282/23533/51378/3569/6696/3695/7448/2323/55012/3574/3909/7097/6850/2264/3912/5728/284217/7532/5519/125467750/1944/10018/80310/3551/4254/1021/3560/2689/1975/3667/5525/1311/1278/894/5295/3690/2335/4170/4915/146850/2885/23678/6198/7099/5293/9223/1026/1388/5578/2309/59345/3673/2066/54331/3563/1291/5563/1293/3676/7058/57818/5586/2690/8515/64223/5228/3082/7249/3570/5294/1277/3910/7157/3164/64764/3643/3913/3914/2254/1956/3672/1435/5154/100533105/3691/55970/26281/6009/2784/3320/3717",192
"Organismal Systems","Immune system","hsa04658","Th1 and Th2 cell differentiation","59/4011","93/9370",0.634408602150538,1.48202657744965,4.04147365822242,0.0000451822225802103,0.000444278462946033,0.000273688287580391,"3932/5970/2353/3559/3566/3119/7297/3561/3458/8517/5601/3120/6776/182/3115/3460/4790/4794/3112/3117/3118/3113/3718/919/11317/4094/3594/916/54567/3108/27040/3127/6778/864/3595/3459/4773/917/3551/5535/84441/7535/3560/3567/6772/3123/3126/5530/5532/3109/3111/3122/6300/4854/3725/2625/915/5600/3717",59
"Human Diseases","Infectious disease: bacterial","hsa05100","Bacterial invasion of epithelial cells","51/4011","78/9370",0.653846153846154,1.52743417141323,4.0466163895773,0.0000454375700740261,0.000444278462946033,0.000273688287580391,"10109/3688/10801/57180/10092/60/8936/6464/10095/1731/5879/23157/1499/6714/4233/3678/26052/10097/1785/23176/55964/53358/26084/387/1496/10094/5829/10093/5295/81873/63916/2335/7414/5293/10552/10163/1399/23607/25759/399694/867/653857/1213/29119/55752/2017/391/1212/9564/1495/8976",51
"Human Diseases","Infectious disease: bacterial","hsa05135","Yersinia infection","82/4011","138/9370",0.594202898550725,1.38810300658696,3.97346804214736,0.0000560934740464914,0.000533646023361215,0.000328741270372041,"10109/3932/3688/5970/3606/2353/57180/10092/6093/60/147179/8517/10000/5601/10095/834/5608/5879/3984/5880/29108/4790/3937/6714/8874/23396/7456/9815/4615/3678/148022/10097/7409/27040/29110/6885/10458/387/3569/3654/2212/4773/7454/3551/10094/7535/5829/9138/10093/5295/5606/81873/63916/2335/2533/382/7099/5293/10552/10163/7410/1399/925/64283/6197/3576/3676/5586/6300/8395/9475/653857/391/3725/3661/2776/2185/9564/8935/8976/5600/7186",82
"Human Diseases","Cancer: overview","hsa05203","Viral carcinogenesis","115/4011","205/9370",0.560975609756098,1.31048154161422,3.88845926708618,0.0000743058631579074,0.000688306942936406,0.000424016836856757,"718/81/7533/5970/87/7529/468/983/85236/578/245972/4067/991/8349/6502/85477/8517/6908/9261/4791/5925/6776/581/898/9759/1237/2960/5879/1030/1232/10013/2934/4790/3845/8363/8362/6714/255626/3718/11317/8361/896/7187/5567/2967/121504/5315/9734/3249/2033/3105/1234/8367/1029/8370/554313/1959/9114/8717/890/4893/10379/387/1233/55697/836/6850/2961/7532/3017/841/1021/5829/8369/894/5295/3135/3665/6672/5566/2885/5293/1026/7185/1388/3133/286436/5610/8341/8343/440689/3572/1642/5922/55869/8344/7157/64764/3725/3661/3107/3106/8359/1111/8368/3190/3134/7337/8360/2958/79885/7186/8379/5366/23352",115
"Organismal Systems","Immune system","hsa04613","Neutrophil extracellular trap formation","110/4011","195/9370",0.564102564102564,1.31778634396435,3.87954301708583,0.0000775807507765368,0.000700216007008742,0.000431353162212323,"718/5970/366/5336/8350/3684/55506/8352/60/2244/292/4688/1511/10533/85236/2266/8349/728/10000/8334/2214/10105/834/55766/3683/9759/5879/5880/3020/10013/1378/1379/4790/8968/8363/8362/6714/723790/8337/255626/3689/8361/8332/2243/121504/9734/8367/8355/3013/8370/554313/6885/3012/23236/2209/6404/9555/8353/727/51311/85235/51284/2212/7097/6850/8358/8356/177/27180/3017/291/8351/8330/64581/8369/5295/3690/1536/3014/8969/7099/5293/8336/5578/653361/286436/8341/8343/440689/440686/2359/6300/5330/8357/55869/8344/8331/8359/8368/8329/4689/1183/1535/79792/5600/3021/8360/293/1184/79885",110
"Environmental Information Processing","Signal transduction","hsa04015","Rap1 signaling pathway","118/4011","212/9370",0.556603773584906,1.30026860096997,3.82567967195156,0.0000948425552876106,0.000834614486530974,0.000514146483927574,"3688/5587/3815/1436/7408/3684/10636/6494/91860/60/111/2277/57568/51466/50855/1969/2904/1950/10000/7424/64411/1946/3630/57121/3683/5608/2246/2149/5879/5880/1500/3397/5908/1499/5156/2260/3937/3845/6714/1945/805/3689/2846/2324/51196/4233/2255/5028/7409/6237/54518/3480/9965/8822/23566/27040/5909/5590/56034/285/23236/163688/4893/109/51378/387/2264/125467750/1944/80310/4254/23683/83593/5898/7094/135/5295/5606/801/3690/56288/2775/2533/113/5293/9223/7410/22808/5578/1399/2903/10235/9771/9002/6300/5330/5228/3082/4301/5584/3643/196883/5906/2776/2902/2254/1956/1435/5899/25780/9564/260425/5154/7074/26281/5600/2773/2771",118
"Human Diseases","Cancer: overview","hsa05205","Proteoglycans in cancer","114/4011","204/9370",0.558823529411765,1.3054541188203,3.81594595197545,0.0000991068136839456,0.000850868254067045,0.000524159271345129,"80326/3688/5336/6194/6093/60/2535/817/10000/3316/5777/5329/3693/6382/2002/3710/7430/4660/288/5962/4659/8324/2817/5879/4609/286/7040/5328/10855/7476/1499/2260/3845/6714/5499/7976/51196/4233/3678/5567/7409/6237/8325/7078/4318/3480/818/84309/3685/7479/4893/355/1634/387/6608/7291/4478/7448/7484/3708/836/7097/1514/4060/5829/9138/1975/1278/5295/3690/2335/8321/5566/7042/2885/6198/3091/7099/5293/6548/7410/22808/1026/7477/5578/3673/2066/27250/2719/3709/4313/5727/6300/867/9475/815/3082/5058/1655/1277/2017/7157/3339/3549/7474/1956/10818/2316/2099/7074/7483/54361/5600/8826",114
"Human Diseases","Cancer: specific types","hsa05222","Small cell lung cancer","58/4011","93/9370",0.623655913978495,1.4569074829166,3.83086668420281,0.000105914869942006,0.00088766748141872,0.00054682865183091,"3688/5970/578/4149/6502/9618/8517/10000/3918/3915/5925/1284/581/898/3655/598/4609/1030/1647/6258/4790/317/7187/1871/1870/1287/1163/3685/1643/3675/1282/7709/1164/1869/3909/836/3912/5728/330/284217/10912/3551/1021/4616/5743/5295/5915/2335/5293/1026/7185/3673/2272/3910/7157/3913/3914/7186",58
"Human Diseases","Immune disease","hsa05323","Rheumatoid arthritis","59/4011","95/9370",0.621052631578947,1.45082601792439,3.82071714655576,0.000109844107620772,0.000899188974011904,0.000553926222028864,"3606/2353/3119/10673/529/245972/3458/8741/6352/6372/4312/6364/3120/6387/3683/7040/5741/537/3115/3112/3117/3118/3113/2920/3689/3605/1513/8792/3108/3127/9114/527/3569/2919/3552/7043/940/7097/9296/1514/2921/245973/6374/941/535/3123/3126/7042/7099/3109/3111/3576/3122/4050/3725/1435/528/51382/1493",59
"Human Diseases","Infectious disease: bacterial","hsa05133","Pertussis","50/4011","78/9370",0.641025641025641,1.49748448177768,3.81683433996674,0.000115226292891722,0.000921810343133776,0.000567861634825233,"718/3688/5970/2353/3684/715/840/714/91860/713/710/6372/5601/834/716/29108/4790/725/805/3689/4615/3678/148022/3659/720/100293534/721/163688/387/3569/727/3552/3654/836/23643/10392/712/6374/801/7099/717/3576/6300/929/3725/3661/3394/5600/2773/2771",50
"Human Diseases","Infectious disease: viral","hsa05166","Human T-cell leukemia virus 1 infection","123/4011","224/9370",0.549107142857143,1.28275590340848,3.70553708061701,0.000149993740158085,0.0011732843674588,0.000722776853159428,"3932/5970/2353/468/200186/3559/8697/111/3119/292/3561/991/4049/8517/10000/701/5601/2002/10744/6908/3120/4791/5925/3683/6776/581/898/598/1958/4609/1030/7040/3115/4790/3845/3112/3117/3118/3113/9184/3718/3689/896/5567/567/1871/7514/2033/3105/1870/916/3108/1029/3127/1959/4316/4801/958/6513/890/4893/9133/109/3569/9232/64784/55697/1869/7043/4773/115650/4085/5728/917/4488/3551/5535/7094/3554/3560/291/894/5295/3135/2114/3123/821/6929/3126/5566/7042/5530/113/5901/7850/5293/1026/1388/8829/5532/3109/3111/3133/3122/119504/472/4776/706/811/7157/64764/3725/3107/3106/7046/196883/1111/915/3134/3601/293/6688/8379",123
"Human Diseases","Infectious disease: parasitic","hsa05145","Toxoplasmosis","67/4011","112/9370",0.598214285714286,1.39747391103038,3.6609190274737,0.000197779347300605,0.00151344196195246,0.000932323696657316,"3688/240/5970/3119/7297/3458/8517/10000/3918/5601/3120/3915/10105/5608/3655/598/7040/3115/3460/4790/3112/3117/3118/3113/4615/1234/8651/3108/3127/6885/958/23533/3654/3459/7043/3909/836/7097/3912/23643/330/284217/3551/841/6772/5606/3588/3123/146850/3126/2775/7042/7099/4261/3109/3111/3122/6300/5294/3910/3913/3914/345611/5600/2773/2771/3717",67
"Organismal Systems","Immune system","hsa04611","Platelet activation","74/4011","126/9370",0.587301587301587,1.37198102044774,3.63669732899663,0.000212518716715675,0.00156702283065872,0.000965331049987128,"3688/5336/5321/7408/6093/60/2244/111/695/4638/4067/2266/10000/2207/3710/4659/2149/5742/5908/3937/6714/5499/5739/5567/5023/2243/5028/54518/10627/2534/5590/23236/83706/23533/109/387/2212/6915/3708/6850/10672/7094/9138/5592/6916/1278/5295/3690/146850/5566/113/5293/1281/3673/2982/103910/10235/3709/9002/255189/6300/9475/5330/5584/5294/1277/196883/5906/11093/2776/5600/2773/51206/2771",74
"Metabolism","Metabolism of cofactors and vitamins","hsa00830","Retinol metabolism","44/4011","68/9370",0.647058823529412,1.51157845337088,3.66276963635692,0.000213684931453461,0.00156702283065872,0.000965331049987128,"29785/8694/53630/1559/7364/1558/128/220/54884/56603/10720/8630/1549/8608/145226/130/1562/10170/126/216/1577/54657/54576/54600/54575/54658/54578/54659/54577/54579/124/125/195814/79799/1555/8854/8228/9227/10901/317749/1576/339761/316/131",44
"Human Diseases","Immune disease","hsa05330","Allograft rejection","28/4011","39/9370",0.717948717948718,1.677182619591,3.66610655745376,0.000230876701237845,0.00165854283338207,0.00102170999903321,"3002/3119/5551/3458/3120/3115/3112/3117/3118/3113/3105/3108/3127/958/355/940/3567/3135/941/3123/3126/3109/3111/3133/3122/3107/3106/3134",28
"Organismal Systems","Immune system","hsa04672","Intestinal immune network for IgA production","34/4011","50/9370",0.68,1.58853153826976,3.60975609811167,0.000274918028925406,0.00193542292363486,0.00119227608333965,"7852/3119/10673/8741/23308/3120/6387/7040/3115/3112/3117/3118/3113/608/3108/3127/56477/958/3569/3695/23495/940/115650/3567/941/3123/3126/5284/3109/3111/3122/2826/3676/3601",34
"Human Diseases","Infectious disease: viral","hsa05163","Human cytomegalovirus infection","123/4011","227/9370",0.541850220264317,1.26580318221806,3.50719421976388,0.00031398528705764,0.00216711413812332,0.00133500452288697,"7852/5970/2790/468/91860/6093/111/578/5734/5732/6352/2788/8517/10000/2002/3710/6387/5925/10681/5608/581/5879/4609/5880/1978/2782/1232/6892/2793/1499/5156/4790/3845/6714/805/6891/5567/567/1871/3105/1870/1234/9826/1029/29110/55080/3685/8717/6890/23236/340061/163688/4893/355/109/387/3569/1869/8772/4773/3708/836/3551/841/1230/5535/10672/1021/5829/637/3554/9138/5743/5295/3135/801/3690/3588/2775/5566/2885/5530/113/6198/5293/1026/1388/5578/1399/2768/5532/115004/59345/54331/3133/3576/3709/6300/4776/9475/5330/5733/7249/3570/811/7157/64764/3661/3107/3106/196883/2776/2185/1956/9564/3134/55970/5600/6009/2773/7186/2784/2771",123
"Cellular Processes","Transport and catabolism","hsa04144","Endocytosis","133/4011","250/9370",0.532,1.24279232111693,3.36618983453397,0.000513440276867075,0.00343829911287023,0.00211809096067963,"28964/7852/10109/5878/9744/9897/55616/57180/832/10092/22841/3559/8027/147179/50855/3561/79720/27128/409/8729/10890/64411/6456/10095/11021/868/2868/11311/9372/5156/6714/273/51160/118813/23396/7456/3482/5371/9815/57154/26052/30011/253725/10097/84440/23325/23624/64744/1785/3105/1234/3480/55048/2350/5590/2348/51019/58533/84313/26286/387/9146/80230/9559/7251/8766/30845/51510/9267/93661/2264/23327/5867/6455/30846/29924/10094/3560/10093/11031/2352/377/81873/829/3135/9525/56288/8853/60682/408/116985/382/10552/23527/4734/26119/642517/729092/3133/116984/57403/131890/138429/89853/867/8395/55680/653857/51100/9265/1213/5338/93343/3799/5584/161/4218/2060/1212/3107/3106/7046/1175/58513/1956/7879/64750/1173/3134/156/254122/8976/50807",133
"Cellular Processes","Cell growth and death","hsa04218","Cellular senescence","88/4011","157/9370",0.560509554140127,1.30939280037222,3.38213209673176,0.000517698445971938,0.00343829911287023,0.00211809096067963,"5970/891/91860/292/983/823/2305/1874/10000/55957/3710/9261/5925/5608/898/3486/4609/1030/7040/1978/1647/824/4790/286826/3845/1875/5499/805/90550/896/776/2626/1871/5481/6237/3105/1870/1029/8945/890/163688/4893/9133/3569/3552/1869/7043/4773/3708/5728/204851/10912/59341/5535/1021/83593/291/4616/894/5295/5606/3135/801/7042/5530/5293/22808/1026/5532/2309/3133/3576/472/28996/3709/6300/4776/7249/7157/3107/3106/7046/1111/677/3134/5600/293/6009",88
"Cellular Processes","Cell motility","hsa04814","Motor proteins","106/4011","194/9370",0.54639175257732,1.27641254591112,3.36560377029474,0.000532189928980307,0.00346908990742719,0.00213705897407297,"80179/10382/832/23046/7278/3833/60/7846/55930/7171/4542/79659/59/7277/1781/4640/4633/4641/7134/55614/23095/4649/4629/4648/10398/84376/7169/51164/1062/84617/10112/4636/51174/1768/127602/11004/4430/4624/113220/203068/4642/89953/72/140469/4647/10627/9493/4619/29895/8655/84700/9585/10381/56992/6993/93661/6990/55582/84790/374654/1780/3832/64837/81027/4650/4644/10121/4625/829/1767/4627/4637/8701/196385/56171/103910/9928/547/146909/4628/221458/399687/23303/24137/57519/7802/3799/4643/84516/7139/1769/92558/3801/7168/10126/3797/347688/79819/11127/7140/55083/7138/343521/347240/201625/4646",106
"Cellular Processes","Cellular community - eukaryotes","hsa04530","Tight junction","94/4011","170/9370",0.552941176470588,1.29171249651693,3.32060068373486,0.000634211480303792,0.00405895347394427,0.00250043186492978,"81/10109/3688/87/27134/7408/5515/57180/10092/7278/6093/4217/137075/60/55844/7846/50855/7277/4633/84952/5601/7430/10095/5962/4629/10398/5879/1080/54566/4771/5111/6714/913/51762/11346/26285/776/5567/10097/2626/8777/9069/10627/24146/23370/5590/9181/387/4478/7454/5519/23327/10094/84790/10093/81873/79778/50848/861/56288/3308/5566/4627/4637/10552/9223/83700/4734/11149/1740/103910/5563/150084/4628/51208/53632/9075/5010/9475/653857/4301/1364/1365/53842/5584/2017/123720/4218/3725/8189/5906/9071/7074/10207",94
"Human Diseases","Cancer: overview","hsa05202","Transcriptional misregulation in cancer","109/4011","201/9370",0.54228855721393,1.26682717055461,3.30824881227671,0.000646602905560216,0.00406436112066421,0.00250376313055272,"5970/7704/2521/1436/8350/7102/3002/3684/8352/1848/6760/3398/578/4149/597/64919/5914/581/598/3486/4609/862/4300/3020/1647/6258/5328/5468/7113/4790/8013/7468/8968/2530/648/1667/728358/1668/1669/55589/5371/4233/4094/4318/1051/3480/8355/51513/4286/6692/3728/1643/4005/958/890/5087/2209/7709/8353/3569/4221/3695/6495/5327/7030/8358/8356/8091/8861/330/10912/3560/85414/8351/4616/26471/894/4211/861/2313/6929/2118/7850/3248/4086/1026/7185/4613/860/51804/6756/2115/3576/2120/472/7403/79058/440686/84444/929/8357/466/1655/7157/8464/5154/6935/3021/6688",109
"Human Diseases","Infectious disease: viral","hsa05167","Kaposi sarcoma-associated herpesvirus infection","106/4011","196/9370",0.540816326530612,1.2633879280957,3.22385578310036,0.000865499911267605,0.0053307843901081,0.00328391622117903,"718/5970/2353/5336/2790/6934/91860/7297/83439/578/4067/2788/8517/10000/1827/5601/3710/9261/5925/10681/5608/581/3455/1237/5879/4609/2782/1232/2793/1499/4790/3845/6714/2920/805/7187/148022/1871/4277/2033/3105/1870/1234/29110/8717/285/163688/4893/355/10379/23533/3569/2919/1233/1869/3459/8772/9641/4773/3708/836/6850/3551/841/1230/5535/1021/2921/637/51176/5743/6772/5295/3135/801/3055/146850/3665/5530/3091/5293/1026/5532/59345/54331/3133/3576/6773/5610/3709/3572/6300/4776/5294/7157/3725/3661/3107/3106/100507436/3134/55970/5600/7186/2784/3717",106
"Metabolism","Xenobiotics biodegradation and metabolism","hsa00982","Drug metabolism - cytochrome P450","45/4011","73/9370",0.616438356164384,1.44004672083278,3.26527584451654,0.000878367882460994,0.0053307843901081,0.00328391622117903,"27306/2941/2944/2947/1559/7364/2328/1558/128/2950/218/10720/2939/2938/2330/222/1549/130/4259/126/1577/221357/54657/54576/54600/54575/54658/54578/54659/54577/54579/124/125/79799/1555/1571/221/4128/1576/2940/373156/1557/316/131/2946",45
"Environmental Information Processing","Signal transduction","hsa04014","Ras signaling pathway","126/4011","238/9370",0.529411764705882,1.23674600730345,3.20051054520217,0.000913130133975998,0.00544782723999239,0.00335601797678957,"5970/5336/5878/3815/1436/2790/5321/627/91860/2277/8437/1969/2904/10928/2788/1950/8517/10000/106821730/7424/1946/5601/2002/5921/3630/6464/10681/8844/598/2246/5879/5880/2782/5908/2793/5156/26279/81579/4790/2260/3845/1945/805/5923/5063/2324/51196/4233/5567/7039/2255/6237/3480/9965/8822/27040/29110/3363/9462/56034/285/25/53358/163688/4893/51378/387/2323/64926/8399/2264/125467750/1944/80310/3551/4254/56924/7535/83593/5898/5319/5295/801/10298/2114/4915/5566/2885/382/5293/22808/5578/4763/8831/6789/2903/59345/25759/54331/399694/10235/5062/9771/10156/255189/22821/5228/3082/4301/5338/5922/5058/3643/5906/2902/2254/1956/1435/5899/25780/5154/7074/55970/26281/27/2784",126
"Human Diseases","Infectious disease: bacterial","hsa05134","Legionellosis","36/4011","56/9370",0.642857142857143,1.50176300886847,3.25803398072765,0.000944877898659413,0.00554328367213522,0.0034148218793656,"718/5970/3606/3684/840/56681/1937/4791/834/1378/1379/29108/4790/2920/3689/4615/317/57396/3569/2919/7415/7100/836/7097/841/2921/10767/23786/7099/3329/3576/1195/929/4671/5861/664",36
"Human Diseases","Infectious disease: bacterial","hsa05131","Shigellosis","133/4011","253/9370",0.525691699604743,1.2280556532776,3.18131151603465,0.000966575089770833,0.00557761363277595,0.0034359701206694,"718/81/10109/3688/5970/3606/87/5336/10801/8350/9474/57180/10092/6093/58528/8352/60/823/5580/6352/27128/8517/10000/11146/4633/5601/8936/3710/10095/80201/834/581/10398/598/831/5879/3098/23157/3020/824/4636/29108/4790/10318/257397/8968/6714/11335/113026/92610/51196/4615/3678/51619/10097/57521/5481/23176/54874/8355/29110/10627/8945/6885/55964/9181/8717/29895/23236/340061/826/387/8353/9267/989/7100/3708/8358/8356/64121/10392/3551/10094/5829/2931/7094/3554/10093/23048/8351/5295/81873/63916/7414/382/6198/7099/5293/10552/10163/1399/2309/115004/103910/3576/472/84335/440686/3709/10616/1729/6300/9475/5330/653857/9265/929/8357/55752/7322/2017/7157/3725/3661/4671/1956/9564/8915/8976/5600/3021/664/7186",133
"Cellular Processes","Cell growth and death","hsa04210","Apoptosis","77/4011","137/9370",0.562043795620438,1.31297690475281,3.1925097253907,0.00101150571194839,0.00574274210654571,0.00353769400104191,"5970/2353/3002/332/1439/468/8743/153090/840/7278/4217/60/9451/823/7846/578/1515/5551/1512/597/7277/1075/8517/10000/2081/5601/3710/5414/6709/581/598/1647/824/4001/4790/3845/1513/4000/317/835/1522/8717/4893/355/84823/8772/3708/836/1514/330/10912/10018/3551/841/637/84790/8795/4616/1520/5295/843/4170/1521/10039/5293/7185/143/3563/472/3709/1509/1508/7157/3725/1519/7186/5366",77
"Environmental Information Processing","Signaling molecules and interaction","hsa04512","ECM-receptor interaction","53/4011","89/9370",0.595505617977528,1.39114625790313,3.20750888917208,0.00103071897884829,0.0057589377865809,0.00354767100489135,"9899/3688/3694/7148/3918/3693/6382/7059/3915/1284/22801/3655/9900/3680/1101/1292/375790/3678/1834/1299/158326/1287/1298/3685/3675/1282/961/3161/6696/3695/7448/3909/3912/284217/1311/1278/3690/2335/3673/1291/1293/3676/7058/8515/1277/3910/948/3339/3913/3914/3672/3691/51206",53
"Human Diseases","Infectious disease: bacterial","hsa05150","Staphylococcus aureus infection","58/4011","99/9370",0.585858585858586,1.36861005970954,3.18972000407777,0.00107437371463809,0.00586305016638265,0.00361180721972137,"718/3075/3684/715/714/3119/713/2266/728/629/147183/3120/2214/3683/2204/719/716/3115/3112/3117/3118/3113/1667/728358/1668/1669/3689/2213/3868/720/100293534/721/3108/192666/3127/8689/2209/6404/3880/54474/727/3426/25984/2212/3872/5724/712/3123/3126/717/3109/3111/3122/2359/9103/353288/10747/3861",58
"Human Diseases","Infectious disease: parasitic","hsa05146","Amoebiasis","60/4011","103/9370",0.58252427184466,1.3608208494601,3.18545685635464,0.00108266551367861,0.00586305016638265,0.00361180721972137,"81/5970/87/5878/5052/3684/384/1511/3458/3918/3915/1284/7040/338382/4790/913/2920/3689/5567/1287/6318/6317/23236/1282/5269/3569/2919/7043/3909/836/7097/3912/284217/2921/3554/1278/5295/5272/2769/2335/5566/7042/7414/7850/7099/5293/4583/5578/1281/3576/5330/733/929/1277/3910/3913/3914/2776/383/7879",60
"Human Diseases","Infectious disease: viral","hsa05170","Human immunodeficiency virus 1 infection","114/4011","214/9370",0.532710280373832,1.24445158990347,3.12952145194907,0.00117185865161216,0.00624991280859816,0.00385012571343068,"6923/7852/5970/2353/5336/2790/27350/891/91860/140564/983/60489/578/2788/1174/8517/10000/106821730/5601/3710/10681/5608/581/598/5879/3984/8905/5880/2782/6892/2793/8906/4790/3845/805/919/5063/200316/4615/6891/567/684/3105/1234/916/29110/8945/55080/6885/8717/6890/340061/163688/4893/355/9133/3654/8772/4773/3708/836/7097/917/130340/3551/841/5535/56924/5829/637/5295/5606/3135/801/10298/164/2775/5530/6198/7133/7099/5293/5578/1399/5532/115004/59345/54331/164668/3133/472/5062/3709/6300/4776/1642/5058/811/162/3725/3661/3107/3106/2776/1111/2185/915/3134/55970/5600/2773/7186/2784/2771",114
"Human Diseases","Infectious disease: viral","hsa05171","Coronavirus disease - COVID-19","125/4011","238/9370",0.525210084033613,1.22693056280104,3.06781798580648,0.00141483146786896,0.00732933010710138,0.00451507775736509,"718/5970/2353/5336/11224/6123/6125/6194/715/6191/714/6130/2244/713/6231/6201/7297/6868/200916/6189/2266/728/629/8517/5601/4312/4599/6161/834/4939/6175/3455/730/6136/6173/6134/719/6207/716/4736/6138/388524/3921/6152/6159/6144/7113/4790/140801/4615/7187/2243/6157/720/100293534/721/29110/6165/6885/1440/6137/340061/6135/4600/4938/10379/51187/6122/6133/3569/727/6164/3654/51311/6208/9636/6206/51284/2212/9641/7097/6850/729/100529239/3551/6160/6210/712/6772/6227/5295/3627/4940/103/1536/7099/5293/6146/5578/8829/115004/2162/717/6139/100526842/6170/3576/6773/5610/3572/6300/6228/6167/733/6234/6235/3570/6193/10747/3725/3661/1956/5600/23586/6187",125
"Organismal Systems","Immune system","hsa04612","Antigen processing and presentation","49/4011","82/9370",0.597560975609756,1.3959477291108,3.11540671217106,0.00141589331614459,0.00732933010710138,0.00451507775736509,"3823/3119/3821/3458/5720/3120/3824/8302/3115/6892/5641/3112/3117/3118/3113/6891/115653/567/3105/3108/3127/55080/4801/6890/5721/972/1514/3811/3813/5993/1520/3135/3123/821/3126/3308/925/4261/3109/3111/3133/3122/4800/1508/811/3107/3106/3134/3320",49
"Organismal Systems","Immune system","hsa04666","Fc gamma R-mediated phagocytosis","57/4011","98/9370",0.581632653061224,1.35873796040481,3.08840845656802,0.00149992055976699,0.00765176865272436,0.00471370915807781,"10109/5336/8612/55616/5321/7408/57180/5788/10092/5580/4067/85477/10000/8936/2214/8613/10095/5879/3984/5880/2934/65108/273/23396/2213/10097/7409/1785/27040/3635/2209/2212/6850/7454/10094/10093/5295/81873/8853/3055/382/6198/5293/10552/10163/7410/5578/1399/653361/8877/255189/8395/653857/5338/5058/56848/50807",57
"Human Diseases","Cancer: specific types","hsa05217","Basal cell carcinoma","39/4011","63/9370",0.619047619047619,1.44614215668816,3.07375856621166,0.00169746908408524,0.00853584453711433,0.00525832528303095,"80326/2735/6934/2535/83439/578/8313/64399/581/2736/8324/1647/7476/1499/7976/8643/8325/51684/7479/1643/652/1856/324/6608/7484/10912/374654/51176/4616/1857/8321/1026/7477/5727/2737/7157/7474/7483/54361",39
"Metabolism","Lipid metabolism","hsa00561","Glycerolipid metabolism","40/4011","65/9370",0.615384615384615,1.43758510250657,3.06261277424716,0.00174914382125699,0.00867181162087971,0.00534208490999169,"1606/8612/8694/7920/80339/8613/8527/5408/231/84513/5407/154141/2717/5406/160851/150763/57016/129642/9388/11343/9663/56894/223/196051/2713/1609/55326/1056/26007/132158/56895/501/224/9162/80168/23175/10555/2710/441282/64900",40
"Human Diseases","Infectious disease: parasitic","hsa05144","Malaria","32/4011","50/9370",0.64,1.49508850660683,3.03662359553934,0.00199626250197236,0.00975950556519819,0.00601213560535534,"3606/4035/3458/6382/7059/3043/3683/100528032/7040/1378/1379/3040/3689/4233/4615/1440/958/3569/7043/7097/3820/3039/1311/7042/7099/3576/7058/5175/3082/948/2994/2993",32
"Human Diseases","Infectious disease: viral","hsa05164","Influenza A","93/4011","173/9370",0.53757225433526,1.25580952957402,2.93797265507696,0.00222319787685614,0.0105994525698178,0.00652956707351214,"5970/3606/8743/3838/5646/60/3119/292/23430/7297/578/728343/56001/3458/6352/8517/10000/4599/3120/834/4939/581/3455/3115/29108/3460/7113/4790/3112/3117/3118/3113/5371/896/4615/317/7187/148022/64499/7177/5644/6041/7514/2033/3108/29110/3127/8717/4600/355/4938/10379/3569/3552/8766/3459/51284/8772/9641/836/3551/841/1021/637/291/8795/6772/91543/5295/3627/4940/3123/103/3126/11100/3665/7099/5293/5578/55916/4261/3109/3111/3576/3122/6773/402569/56649/5610/3661/293/23586/3717",93
"Metabolism","Metabolism of cofactors and vitamins","hsa00670","One carbon pool by folate","26/4011","39/9370",0.666666666666667,1.55738386104878,3.01754440957747,0.00222829400615487,0.0105994525698178,0.00652956707351214,"10797/2731/1491/875/6472/25902/4143/275/29958/10840/55349/4144/7298/471/27232/2618/27430/10841/1757/200895/23743/1719/191/160428/501/441024",26
"Human Diseases","Cancer: overview","hsa05204","Chemical carcinogenesis - DNA adducts","42/4011","70/9370",0.6,1.4016454749439,2.91797452560215,0.00271441855355708,0.0127396710780279,0.00784800311624924,"27306/2941/2944/2947/1559/7364/1558/2950/1545/10720/2939/2938/64816/1549/873/10/2052/6818/4259/1562/3290/1577/221357/9/54657/54576/54600/54575/54658/54578/54659/54577/54579/5743/445329/79799/1571/1576/2940/373156/1557/2946",42
"Human Diseases","Cardiovascular disease","hsa05417","Lipid and atherosclerosis","113/4011","216/9370",0.523148148148148,1.22211372429523,2.85711609490751,0.00277444185032741,0.0128500464646743,0.00791599752309482,"1573/5970/3606/30001/2353/7494/468/8743/840/1559/91860/4217/9451/4688/817/4067/6352/8517/10000/1558/2081/9619/5601/4312/834/5608/581/598/5879/6258/5468/10333/7184/5908/29108/1549/4790/3845/6714/2920/27035/805/4615/317/7187/148022/7409/4318/7436/29110/818/6885/958/23236/163688/4893/355/387/3569/2919/3654/9641/4773/3708/836/7097/177/23643/4973/3551/841/5535/2921/637/9138/8795/19/5295/5606/801/1555/1536/3308/3665/5530/7099/5293/7410/5578/5532/3329/3576/653361/4780/6300/9475/5330/338/815/929/7157/948/3725/3661/5906/57534/4689/1535/5600/7186/3320/5452/3717",113
"Environmental Information Processing","Signaling molecules and interaction","hsa04061","Viral protein interaction with cytokine and cytokine receptor","57/4011","100/9370",0.57,1.33156320119671,2.88374947795631,0.00284001849620767,0.0129722028843625,0.00799124938450558,"7852/3606/1436/8743/5473/10563/8764/3559/3561/6352/6372/4049/6364/2829/4283/6387/6360/1237/729230/10344/6369/1232/6361/2920/1236/1524/1234/6346/56477/6362/6356/3569/2919/1233/6354/53833/1230/2921/3560/8809/8795/8740/643/6374/3627/6367/3588/7133/5196/3576/2826/8807/3572/3570/1435/2833/9547",57
"Organismal Systems","Immune system","hsa04657","IL-17 signaling pathway","54/4011","94/9370",0.574468085106383,1.34200098664842,2.8829823774783,0.00287452223005759,0.0129722028843625,0.00799124938450558,"5598/5970/2353/3458/6372/9618/8517/5601/112744/4312/3934/6364/23765/7184/6361/4790/257397/2920/5597/3605/7187/1994/4318/1051/2354/29110/6885/1440/8717/6356/3569/2919/6354/8772/9641/836/727897/3551/841/2921/3567/5743/6374/3627/225689/4586/3576/4322/6300/3725/3727/5600/7186/3320",54
"Cellular Processes","Cell growth and death","hsa04115","p53 signaling pathway","44/4011","75/9370",0.586666666666667,1.37049779772293,2.7869080332276,0.00397565486245,0.0176082518422492,0.0108471886348784,"10848/891/983/3732/581/898/598/51246/64065/3486/1647/143686/896/317/92344/1029/1643/9540/51512/900/355/9133/836/5728/901/10912/841/1021/637/8795/6241/4616/894/25946/7161/1026/84883/472/7249/5268/7157/1111/2810/5366",44
"Metabolism","Xenobiotics biodegradation and metabolism","hsa00980","Metabolism of xenobiotics by cytochrome P450","46/4011","79/9370",0.582278481012658,1.36024666344767,2.78171962639294,0.00400187541869299,0.0176082518422492,0.0108471886348784,"29785/27306/2941/2944/2947/1559/7364/128/2950/218/1545/10720/2939/2938/222/1549/873/2052/130/4259/3290/27294/126/1577/221357/54657/54576/54600/54575/54658/54578/54659/54577/54579/124/125/79799/1555/1571/221/1576/2940/373156/1645/131/2946",46
"Environmental Information Processing","Signal transduction","hsa04390","Hippo signaling pathway","84/4011","157/9370",0.535031847133758,1.24987494580985,2.7315117655481,0.00419425048960829,0.01816715877871,0.0111914913529134,"80326/7533/10413/55233/332/7529/5515/7159/6934/60/55844/50855/2535/83439/3398/8313/1490/653/2736/8324/2246/4609/7040/4771/3397/7476/374/1499/5499/3689/7976/896/9113/8325/6657/1742/85409/85407/8945/5590/7479/84962/652/1856/4092/655/324/268/1496/7043/7484/330/7532/5519/9231/51176/894/1857/286204/122786/56288/8321/7042/7161/26524/4086/7477/1740/353500/656/8994/102800317/6788/5584/29119/7046/7474/126374/7483/54361/1495/151449/10207/25937",84
"Human Diseases","Infectious disease: bacterial","hsa05132","Salmonella infection","127/4011","248/9370",0.512096774193548,1.19629687713626,2.71034932583162,0.00423212221549494,0.01816715877871,0.0111914913529134,"10109/5970/3606/2353/5878/10382/8743/57180/5788/840/10092/6934/3071/7278/60/6281/7846/83439/578/11035/302/79659/7277/1781/27128/8517/10000/4633/5601/1434/5287/10095/834/5608/581/10398/5879/4609/51164/338382/84617/10333/4636/7184/29108/1499/4790/257397/5063/4615/10097/29109/203068/6237/89953/1785/55845/79026/10627/6885/8717/399/7295/29895/197259/8655/26084/387/3569/3654/10381/6993/9267/7100/8772/836/7097/23643/330/6990/10392/3551/841/10094/84790/5898/10093/51176/8795/1780/64837/81027/113146/10121/5606/81873/63916/382/7099/5293/10552/103910/3576/3839/6300/9475/653857/9265/929/5058/3799/84516/5294/391/3725/4671/7879/2316/347688/79792/8976/9842/5600/7186/4646/10006/3320",127
"Environmental Information Processing","Signal transduction","hsa04072","Phospholipase D signaling pathway","80/4011","149/9370",0.536912751677852,1.25426888138157,2.70662698601811,0.00453906767155563,0.01910356700464,0.0117683457026191,"2205/1606/5336/8612/3815/183/5321/111/27128/1950/10000/2207/2206/3630/6464/8613/57121/8527/2149/2917/10161/5156/3845/23396/2846/554/26052/6237/1785/23566/2534/160851/56034/23236/53358/4893/23533/109/387/9267/6850/80310/4254/10672/5898/5295/56894/146850/2885/113/382/5293/22808/5578/2768/25759/399694/3576/1609/55326/8877/255189/8395/5330/9265/2911/7249/5338/5294/56895/56848/3643/196883/9162/2185/1956/5899/10555/5154/6009",80
"Human Diseases","Substance dependence","hsa05034","Alcoholism","100/4011","191/9370",0.523560209424084,1.22307633066658,2.69465743892718,0.00455880576247091,0.01910356700464,0.0117683457026191,"8350/2790/468/55506/627/91860/8352/111/85236/1644/8349/2904/2788/8334/6464/55766/10681/9759/2782/3020/814/10013/4852/2793/3845/8968/8363/8362/723790/8337/5569/5499/255626/805/8361/8332/5567/1812/121504/9734/8367/8355/3013/2354/8370/554313/55315/6571/3012/53358/163688/4893/9555/8353/85235/8358/8356/3017/8351/8330/135/2905/8369/801/4915/3014/2775/5566/2885/8969/8336/1388/2903/59345/25759/54331/399694/286436/8341/8343/440689/440686/4128/8357/55869/8344/64764/8331/8359/2902/8368/8329/55970/2906/3021/8360/79885/2773/2784/2771",100
"Human Diseases","Infectious disease: viral","hsa05165","Human papillomavirus infection","166/4011","333/9370",0.498498498498498,1.16453027447792,2.64476366529261,0.00497199505818971,0.0205899089468562,0.0126839750091279,"80326/4242/3688/5970/5663/10474/5515/6934/55844/8638/50855/2535/7297/83439/529/578/245972/8313/5734/3694/1950/7148/8517/10000/3918/3693/4599/6908/7059/3915/5925/1284/22801/581/898/8324/3655/182/3455/1978/537/3680/7476/1101/1499/4790/5529/54626/3845/1292/11317/7976/5526/896/4855/3678/7187/5567/148022/8325/5315/1299/2033/3105/3659/29110/1287/1298/3685/5590/7479/9114/8717/527/3675/1856/890/4600/4893/355/1282/10379/3280/324/6696/3695/7448/1869/9636/8772/55012/9641/7484/3909/836/9296/3912/5728/284217/5519/3551/841/1021/84441/5829/5743/5525/1311/6772/245973/1278/894/1857/5295/3135/3690/535/2335/56288/23493/8321/5566/2885/6198/5293/9223/1026/7477/3673/1740/1291/3133/23462/1293/6773/472/5610/3676/7058/8515/7249/5584/1277/3910/4854/7157/64764/3661/3107/3106/3913/3914/7474/1956/3672/84667/3691/3134/528/7483/51382/54361/7337/6009/10207/23352",166
"Cellular Processes","Transport and catabolism","hsa04142","Lysosome","127/4011","249/9370",0.51004016064257,1.1914924720072,2.64948352414425,0.00504405196517406,0.0206454219969915,0.0127181726416873,"1510/4864/114880/2517/54982/1777/55283/5660/58528/1511/529/245972/1515/1512/2548/968/1075/1174/10717/23557/23335/2629/26031/8905/3423/4125/6845/255231/537/5641/57192/8906/256471/3482/79158/1513/9516/8372/23230/23163/57521/200576/23457/1522/24141/3920/4286/2717/55315/10577/114879/9114/527/2720/5538/55330/51311/9559/51296/23461/7030/51284/7805/9296/1514/64121/3988/130340/121260/55353/57707/1520/245973/10239/282991/23503/535/22901/4891/164/1200/1521/9885/4668/23062/10947/5476/23431/9476/151556/28962/1497/84335/23659/54785/1509/206358/8649/2799/219931/26503/1213/64223/427/1508/26088/161/6556/162/1212/11182/1175/729991/114881/7879/8692/2581/1173/528/768239/51382/2647/2760/9842/9907/1519/285641",127
"Metabolism","Carbohydrate metabolism","hsa00051","Fructose and mannose metabolism","23/4011","35/9370",0.657142857142857,1.53513552017666,2.74392168347321,0.00521169751977957,0.0209879531146275,0.0129291816435803,"80201/3098/231/5211/229/197258/5214/4351/6652/230/226/29925/57016/7264/5209/5210/51171/5213/26007/57103/55556/3795/441282",23
"Cellular Processes","Cell growth and death","hsa04110","Cell cycle","84/4011","158/9370",0.531645569620253,1.241964344887,2.65359124219951,0.00524698827865687,0.0209879531146275,0.0129291816435803,"57082/23594/7533/113130/5347/7529/5515/891/699/9212/1022/8697/983/9126/991/1874/6502/701/10744/5925/898/994/4609/1030/7040/1647/7272/5111/5529/1875/9184/90381/27085/5526/896/4173/1871/2033/1870/1029/4998/10403/890/25/7709/9133/9232/4172/1869/7043/1032/4175/4085/4176/7532/5519/10912/1021/151648/4616/5525/894/157570/5001/7042/10735/1026/5000/23063/119504/472/990/8555/51343/55869/23244/7157/9319/1111/7027/26271/81620/2810/8379",84
"Organismal Systems","Digestive system","hsa04976","Bile secretion","51/4011","90/9370",0.566666666666667,1.32377628189147,2.67007444410962,0.00541205897670607,0.0212979301041197,0.0131201363679685,"6343/366/57552/111/7364/477/8431/486/6523/949/8714/10720/1080/343/6344/6550/2052/5567/123264/10998/6513/481/109/483/10864/10257/54657/54576/54600/54575/54658/54578/54659/54577/54579/79799/5566/113/6548/8671/57835/570/1576/358/478/5244/196883/115072896/28234/9376/476",51
"Organismal Systems","Endocrine system","hsa04921","Oxytocin signaling pathway","82/4011","154/9370",0.532467532467532,1.24388451239611,2.64000300460293,0.00547095684700831,0.0212979301041197,0.0131201363679685,"5598/2353/5997/5321/57118/91860/6093/3770/60/111/6262/4638/817/778/1827/952/2002/3710/4660/784/4659/10398/814/3845/6714/5499/805/3759/93589/776/5567/775/27091/59283/818/23236/163688/4893/23533/109/387/781/4773/3708/57172/5535/5743/3762/801/146850/2775/5566/55799/5530/113/4637/27092/1938/1026/782/5578/5532/2982/5563/785/3709/255189/53632/4776/9475/5330/815/783/5294/3725/4878/196883/2776/1956/2773/2771/6263",82
"Environmental Information Processing","Signal transduction","hsa04024","cAMP signaling pathway","116/4011","226/9370",0.513274336283186,1.19904775142694,2.62044143936738,0.00553440478011741,0.0212979301041197,0.0131201363679685,"5970/2735/2353/2492/493/627/91860/6093/111/6262/817/1129/7434/778/477/2904/5732/3351/117/10000/486/64091/64399/64411/5601/4659/489/10398/5465/2149/1395/5879/1080/3972/5880/814/6750/4852/5908/4790/2890/8310/5499/805/338442/122876/51196/10846/776/5567/775/1812/7409/6237/2740/2867/2033/818/170589/163688/481/109/483/387/5142/268/2550/488/10257/1909/135/2905/56670/5295/801/5566/113/5293/6548/7410/2903/11149/3776/5727/5140/9475/2693/5733/815/4301/610/478/5338/5058/2737/3991/2641/153/64764/3725/4878/196883/5906/5443/2902/6752/4886/7074/476/5144/491/1908/2906/2773/2893/2771",116
"Metabolism","Amino acid metabolism","hsa00350","Tyrosine metabolism","24/4011","37/9370",0.648648648648649,1.51529240534476,2.71690868896168,0.00556650445903129,0.0212979301041197,0.0131201363679685,"2954/1621/3242/1644/128/218/222/314/130/1638/126/4282/7306/124/125/220074/120356740/221/4128/7173/316/259307/131/2806",24
"Human Diseases","Endocrine and metabolic disease","hsa04936","Alcoholic liver disease","77/4011","144/9370",0.534722222222222,1.24915163854954,2.6065696880508,0.00606252343501896,0.0229463252594266,0.0141355951059865,"718/5970/714/6934/6720/4217/713/83439/728/8517/10000/5601/23765/128/5608/5465/719/1499/4790/257397/2920/8310/3605/4615/9370/7187/148022/130/720/100293534/721/29110/50507/6885/8717/355/3569/2919/727/3654/126/8772/32/9641/23417/836/23643/34/3551/841/2921/51176/712/124/125/5606/9663/79966/223/1571/7099/2309/717/31/3576/5563/53632/6300/929/126129/3661/501/224/23175/64900/131/5600",77
"Environmental Information Processing","Signaling molecules and interaction","hsa04060","Cytokine-cytokine receptor interaction","149/4011","298/9370",0.5,1.16803789578659,2.55032141550758,0.00655816547042854,0.0245582366552218,0.0151285788007646,"7852/3606/1436/8995/10148/10913/1439/8743/5473/10563/3624/7292/8764/3559/3566/27302/23529/10673/2056/3561/3458/9235/8741/6352/92/6372/9180/4049/9518/5618/112744/944/6364/3556/23765/2829/4283/653/6387/1442/6360/3455/1237/729230/10344/6369/7040/1232/6361/3460/338376/27242/2920/3605/1896/3581/1236/608/1443/58191/8792/130399/3594/3575/1524/1234/149233/939/51330/6346/943/1440/1438/56477/3623/3604/652/6362/958/355/6356/655/3569/2919/4982/3595/3552/1233/10220/6354/268/90/3459/23495/7043/3574/115650/53833/9966/269/3976/1230/2921/3554/3560/8809/3567/2689/8795/50615/8740/643/6374/3597/3603/3627/6367/3588/84957/3977/7042/8784/7133/7850/26525/5196/94/768211/3563/353500/656/3576/2826/8807/3572/8718/3557/4050/2690/3570/8771/55504/7046/1435/2833/8744/3601/151449/9547",149
"Human Diseases","Drug resistance: antineoplastic","hsa01523","Antifolate resistance","20/4011","30/9370",0.666666666666667,1.55738386104878,2.64528610577226,0.00713214294273766,0.0264264664825648,0.0162794620078001,"5970/8517/6472/8714/10057/4790/2350/7298/2348/471/3569/2618/2356/3551/10257/200895/2352/1719/6573/8836",20
"Metabolism","Metabolism of other amino acids","hsa00480","Glutathione metabolism","35/4011","59/9370",0.593220338983051,1.38580767296714,2.57175607921942,0.00763306966684297,0.0279021023834558,0.0171884960855021,"27306/2941/2944/493869/2947/5226/3418/51056/2950/2937/2939/2938/2877/4259/2686/124975/6723/290/221357/6241/10314/6611/2882/2936/2876/2687/2940/2730/373156/2879/2878/79094/2946/257202/79017",35
"Human Diseases","Immune disease","hsa05310","Asthma","21/4011","32/9370",0.65625,1.5330497382199,2.61304483038381,0.00768893162271368,0.0279021023834558,0.0171884960855021,"2205/3119/2207/6037/2206/3120/3115/3112/3117/3118/3113/3108/3127/958/6356/3567/3123/3126/3109/3111/3122",21
"Metabolism","Carbohydrate metabolism","hsa00010","Glycolysis / Gluconeogenesis","39/4011","67/9370",0.582089552238806,1.35980531151274,2.55696352579066,0.00777613334632607,0.027930601407212,0.0172060523022897,"84532/5230/5106/2023/128/80201/1737/218/3098/222/5160/5211/229/5315/130/5214/3939/5236/3945/92483/669/55276/230/126/226/2821/2026/124/125/223/5213/5223/221/57818/441531/387712/501/224/131",39
"Metabolism","Amino acid metabolism","hsa00330","Arginine and proline metabolism","30/4011","50/9370",0.6,1.4016454749439,2.463491092967,0.0105146696521023,0.0366798077532519,0.0225958145848382,"54498/113451/79814/384/2628/6303/1610/112849/29920/112483/548596/1159/58510/51056/4842/112817/26/6723/4942/2593/6611/262/223/5033/5625/4128/501/224/383/2806",30
"Organismal Systems","Digestive system","hsa04971","Gastric acid secretion","43/4011","76/9370",0.565789473684211,1.32172709260061,2.43626299325095,0.0105246039292001,0.0366798077532519,0.0225958145848382,"9992/91860/60/111/4638/817/477/887/3710/7430/1080/6750/805/3759/5567/1131/495/818/3773/23236/163688/481/54207/109/483/3708/801/5566/113/6548/5578/115111/3776/3709/5330/815/478/196883/2776/6752/476/2773/2771",43
"Human Diseases","Cancer: specific types","hsa05214","Glioma","43/4011","76/9370",0.565789473684211,1.32172709260061,2.43626299325095,0.0105246039292001,0.0366798077532519,0.0225958145848382,"5336/57118/91860/817/578/1950/10000/6464/5925/581/1647/814/5156/3845/805/7039/1871/1870/3480/1029/818/1643/53358/163688/4893/1869/57172/5728/10912/1021/4616/5295/801/2885/5293/1026/5578/25759/399694/815/7157/1956/5154",43
"Environmental Information Processing","Signal transduction","hsa04340","Hedgehog signaling pathway","33/4011","56/9370",0.589285714285714,1.37661609146276,2.44543340578573,0.0108039001041268,0.037284047418163,0.0229680435650167,"23432/57758/2735/409/64399/23288/2736/57467/132884/57154/8643/23295/5567/51684/8945/6608/374654/1456/894/408/5566/2121/5727/102800317/1954/1455/53944/2737/84976/3549/64750/11127/156",33
"Organismal Systems","Immune system","hsa04625","C-type lectin receptor signaling pathway","57/4011","105/9370",0.542857142857143,1.26815542971115,2.39050471591842,0.0113205358126779,0.0386876563695399,0.0238327069740587,"5970/5336/91860/5580/8517/10000/2207/5601/3710/9261/4791/834/8844/868/6361/29108/4790/3845/6714/805/6237/3659/1959/64170/163688/4893/10379/387/3569/9641/4773/3708/6850/3551/841/5535/64581/5743/6772/5295/30835/801/6367/5530/5293/22808/5532/6773/3709/6300/4776/338339/5058/3725/4046/8915/5600",57
"Environmental Information Processing","Signal transduction","hsa04020","Calcium signaling pathway","127/4011","254/9370",0.5,1.16803789578659,2.34883768713627,0.0114381644821355,0.0387137874779969,0.0238488044870436,"7852/5336/93129/8913/493/55283/57118/91860/2277/292/6262/5153/3270/4638/817/1129/778/2904/1950/887/7134/7424/952/2668/3357/3710/10105/4842/489/2246/2149/444/255231/814/4486/57192/5156/2260/57105/805/90550/113026/9127/2324/51196/4233/776/5567/5023/775/7039/2255/1812/1131/9965/8822/5026/818/3363/56034/23236/163688/109/57620/6915/4773/3708/2264/57172/5724/3707/80310/6546/488/4485/5535/5255/80271/291/5137/5136/1909/135/2905/5261/801/2769/4915/3356/2925/5566/5530/113/5578/5532/774/2903/2066/1139/89832/8877/777/3709/10345/4776/5330/5027/219931/5733/2911/815/3082/153/6543/56848/196883/2776/2902/2254/2185/1956/5154/491/26281/2906/293/6263",127
"Metabolism","Amino acid metabolism","hsa00260","Glycine, serine and threonine metabolism","25/4011","41/9370",0.609756097560976,1.42443645827633,2.3562324655516,0.0143904112682805,0.0482421406327117,0.0297185435715868,"2731/1491/2628/1610/63826/875/6472/275/29958/29968/10993/55349/23464/314/669/27232/1757/211/2593/212/5223/4128/441531/132158/501",25
"Environmental Information Processing","Signal transduction","hsa04310","Wnt signaling pathway","91/4011","178/9370",0.51123595505618,1.19428593838853,2.26400527584242,0.0146967761805902,0.0484860517647202,0.0298687998311374,"5176/80326/5663/1501/80319/6934/9620/6425/2535/83439/817/8313/1459/84445/4041/27123/4920/5601/8840/8324/5467/5879/4609/5880/59352/22943/7476/1499/147495/7090/7976/896/2487/5567/8325/2033/144165/85409/85407/8945/818/6885/25805/7479/4316/1856/1460/23236/387/324/6423/7091/7484/4773/8549/29964/8607/5535/81839/51176/894/440193/1857/8321/5566/5530/55366/7477/5578/5532/164284/7088/102800317/4776/9475/5330/815/57216/4163/7157/3725/51701/6424/7474/6907/79718/4007/7483/54361/79816/57680",91
"Organismal Systems","Endocrine system","hsa04924","Renin secretion","39/4011","69/9370",0.565217391304348,1.32039066480223,2.31084410915688,0.014738657780753,0.0484860517647202,0.0298687998311374,"183/91860/111/5153/5734/778/5732/117/3710/805/3759/776/5567/775/22802/23236/163688/3708/5535/5137/5136/1909/801/5566/5530/5532/2982/3778/3709/5140/358/5330/1508/153/4878/2776/1908/2773/2771",39
"Environmental Information Processing","Signal transduction","hsa04071","Sphingolipid signaling pathway","66/4011","125/9370",0.528,1.23344801795064,2.27312234781303,0.0149368229122608,0.0486829783807018,0.0299901122799778,"2205/5970/5515/6093/4217/55844/140/79603/10000/2207/5601/2206/581/5879/5880/4790/5529/3845/171546/10558/166929/5526/94103/2534/5590/8717/23236/4893/387/6610/29095/55012/5728/5519/9517/10672/637/5525/5295/94101/5293/5578/130367/2768/165679/253782/9294/8877/1509/6300/9475/5330/1903/427/91012/5338/8560/7157/8879/56848/2776/204219/5600/2773/7186/2771",66
"Organismal Systems","Digestive system","hsa04978","Mineral absorption","35/4011","61/9370",0.573770491803279,1.34037135582067,2.30726500424904,0.0151652277288655,0.0488982005248824,0.0301226952994192,"30061/493/475/477/4494/486/7421/6523/115019/540/4493/79901/7018/7779/6550/26872/4490/261729/2512/6569/481/483/55503/6546/4891/9843/538/4501/55630/478/645745/4496/6543/476/491",35
"Metabolism","Lipid metabolism","hsa00600","Sphingolipid metabolism","32/4011","55/9370",0.581818181818182,1.35917136964257,2.31112107482929,0.0152806876640258,0.0488982005248824,0.0301226952994192,"8612/9514/5660/79603/55512/2629/8613/55331/10825/2531/10558/7357/166929/2717/2720/6610/9517/9331/9334/130367/253782/8877/427/91012/8560/8879/56848/2581/768239/339221/2760/204219",32
"Organismal Systems","Endocrine system","hsa04925","Aldosterone synthesis and secretion","53/4011","98/9370",0.540816326530612,1.2633879280957,2.26753116277622,0.0156166303175296,0.0495230078537875,0.0305075945510773,"5587/8913/51305/183/493/468/57118/91860/4929/111/817/778/477/3710/949/814/805/776/5567/775/818/3284/23236/163688/481/109/483/221955/3777/3708/57172/23683/3762/801/5566/113/1388/5578/3709/5330/815/478/466/3991/3164/64764/4878/196883/2776/5443/476/491/1589",53
